{
  "total_queries": 1000,
  "deltaH_rel_diff": {
    "p50": 1.9492285528539302,
    "p90": 1.9835116511510473,
    "p95": 1.9941569762457132,
    "p99": 2.0157232343725027,
    "max": 2.0273590945696167,
    "samples": 689,
    "note": "Scope diff full vs top-k; large (~0.3-0.4) expected"
  },
  "coherence_fraction": {
    "mean": 1.0,
    "std": 0.0,
    "min": 1.0,
    "max": 1.0
  },
  "kappa_bound": {
    "mean": 1.719166186752225,
    "p95": 1.747893623819618
  },
  "fallback_rate": 0.0,
  "phase_2_ready": true
}