{
  "total_queries": 1000,
  "deltaH_scope_diff": {
    "p50": 0.8008789190377552,
    "p90": 0.8871728218333848,
    "p95": 0.8970057161039077,
    "p99": 0.9100528808541302,
    "max": 0.9327817366674068,
    "samples": 608,
    "note": "Scope diff full vs top-k; large (~0.3-0.4) expected"
  },
  "coherence_fraction": {
    "mean": 1.0,
    "std": 0.0,
    "min": 1.0,
    "max": 1.0
  },
  "kappa_bound": {
    "mean": 1.7189555393112026,
    "p95": 1.7479632161987857
  },
  "fallback_rate": 0.0,
  "phase_2_ready": true
}